Unique_ID,Rank_and_name,Date_of_birth,Status,Date_of_file_out,Date_of_file_in,To_whom,Reason_for_going,Recieved_from_where,Reason,Remarks
WR1,test 1,12-12-2020,IN,,,,,test 1,test ,test
WR2,test 2,13-12-2020,IN,,,,,test 2,test ,test
WR3,test 3,14-12-2020,IN,,,,,test 3,test ,test
WR4,test 4,15-12-2020,IN,,,,,test 4,test ,test
WR5,test 5,16-12-2020,IN,,,,,test 5,test ,test
WR6,test 6,17-12-2020,IN,,,,,test 6,test ,test
WR7,test 7,18-12-2020,IN,,,,,test 7,test ,test
WR8,test 8,19-12-2020,IN,,,,,test 8,test ,test
WR9,test 9,20-12-2020,IN,,,,,test 9,test ,test
WR10,test 10,21-12-2020,IN,,,,,test 10,test ,test
WR11,test 11,22-12-2020,IN,,,,,test 11,test ,test
WR12,test 12,23-12-2020,IN,,,,,test 12,test ,test
WR13,test 13,24-12-2020,IN,,,,,test 13,test ,test
WR14,test 14,25-12-2020,IN,,,,,test 14,test ,test
WR15,test 15,26-12-2020,IN,,,,,test 15,test ,test
WR16,test 16,27-12-2020,IN,,,,,test 16,test ,test
WR17,test 17,28-12-2020,IN,,,,,test 17,test ,test
WR18,test 18,29-12-2020,IN,,,,,test 18,test ,test
WR19,test 19,30-12-2020,IN,,,,,test 19,test ,test
WR20,test 20,31-12-2020,IN,,,,,test 20,test ,test
WR21,test 21,01-01-2021,IN,,,,,test 21,test ,test
WR22,test 22,02-01-2021,IN,,,,,test 22,test ,test
WR23,test 23,03-01-2021,IN,,,,,test 23,test ,test
WR24,test 24,04-01-2021,IN,,,,,test 24,test ,test
WR25,test 25,05-01-2021,IN,,,,,test 25,test ,test
WR26,test 26,06-01-2021,IN,,,,,test 26,test ,test
WR27,test 27,07-01-2021,IN,,,,,test 27,test ,test
WR28,test 28,08-01-2021,IN,,,,,test 28,test ,test
WR29,test 29,09-01-2021,IN,,,,,test 29,test ,test
WR30,test 30,10-01-2021,IN,,,,,test 30,test ,test
WR31,test 31,11-01-2021,IN,,,,,test 31,test ,test
WR32,test 32,12-01-2021,IN,,,,,test 32,test ,test
WR33,test 33,13-01-2021,IN,,,,,test 33,test ,test
WR34,test 34,14-01-2021,IN,,,,,test 34,test ,test
WR35,test 35,15-01-2021,IN,,,,,test 35,test ,test
WR36,test 36,16-01-2021,IN,,,,,test 36,test ,test
WR37,test 37,17-01-2021,IN,,,,,test 37,test ,test
WR38,test 38,18-01-2021,IN,,,,,test 38,test ,test
WR39,test 39,19-01-2021,IN,,,,,test 39,test ,test
WR40,test 40,20-01-2021,IN,,,,,test 40,test ,test
WR41,test 41,21-01-2021,IN,,,,,test 41,test ,test
WR42,test 42,22-01-2021,IN,,,,,test 42,test ,test
WR43,test 43,23-01-2021,IN,,,,,test 43,test ,test
WR44,test 44,24-01-2021,IN,,,,,test 44,test ,test
WR45,test 45,25-01-2021,IN,,,,,test 45,test ,test
WR46,test 46,26-01-2021,IN,,,,,test 46,test ,test
WR47,test 47,27-01-2021,IN,,,,,test 47,test ,test
WR48,test 48,28-01-2021,IN,,,,,test 48,test ,test
WR49,test 49,29-01-2021,IN,,,,,test 49,test ,test
WR50,test 50,30-01-2021,IN,,,,,test 50,test ,test
WR51,test 51,31-01-2021,IN,,,,,test 51,test ,test
WR52,test 52,01-02-2021,IN,,,,,test 52,test ,test
WR53,test 53,02-02-2021,IN,,,,,test 53,test ,test
WR54,test 54,03-02-2021,IN,,,,,test 54,test ,test
WR55,test 55,04-02-2021,IN,,,,,test 55,test ,test
WR56,test 56,05-02-2021,IN,,,,,test 56,test ,test
WR57,test 57,06-02-2021,IN,,,,,test 57,test ,test
WR58,test 58,07-02-2021,IN,,,,,test 58,test ,test
WR59,test 59,08-02-2021,IN,,,,,test 59,test ,test
WR60,test 60,09-02-2021,IN,,,,,test 60,test ,test
WR61,test 61,10-02-2021,IN,,,,,test 61,test ,test
WR62,test 62,11-02-2021,IN,,,,,test 62,test ,test
WR63,test 63,12-02-2021,IN,,,,,test 63,test ,test
WR64,test 64,13-02-2021,IN,,,,,test 64,test ,test
WR65,test 65,14-02-2021,IN,,,,,test 65,test ,test
WR66,test 66,15-02-2021,IN,,,,,test 66,test ,test
WR67,test 67,16-02-2021,IN,,,,,test 67,test ,test
WR68,test 68,17-02-2021,IN,,,,,test 68,test ,test
WR69,test 69,18-02-2021,IN,,,,,test 69,test ,test
WR70,test 70,19-02-2021,IN,,,,,test 70,test ,test
WR71,test 71,20-02-2021,IN,,,,,test 71,test ,test
WR72,test 72,21-02-2021,IN,,,,,test 72,test ,test
WR73,test 73,22-02-2021,IN,,,,,test 73,test ,test
WR74,test 74,23-02-2021,IN,,,,,test 74,test ,test
WR75,test 75,24-02-2021,IN,,,,,test 75,test ,test
WR76,test 76,25-02-2021,IN,,,,,test 76,test ,test
WR77,test 77,26-02-2021,IN,,,,,test 77,test ,test
WR78,test 78,27-02-2021,IN,,,,,test 78,test ,test
WR79,test 79,28-02-2021,IN,,,,,test 79,test ,test
WR80,test 80,01-03-2021,IN,,,,,test 80,test ,test
WR81,test 81,02-03-2021,IN,,,,,test 81,test ,test
WR82,test 82,03-03-2021,IN,,,,,test 82,test ,test
WR83,test 83,04-03-2021,IN,,,,,test 83,test ,test
WR84,test 84,05-03-2021,IN,,,,,test 84,test ,test
WR85,test 85,06-03-2021,IN,,,,,test 85,test ,test
WR86,test 86,07-03-2021,IN,,,,,test 86,test ,test
WR87,test 87,08-03-2021,IN,,,,,test 87,test ,test
WR88,test 88,09-03-2021,IN,,,,,test 88,test ,test
WR89,test 89,10-03-2021,IN,,,,,test 89,test ,test
WR90,test 90,11-03-2021,IN,,,,,test 90,test ,test
WR91,test 91,12-03-2021,IN,,,,,test 91,test ,test
WR92,test 92,13-03-2021,IN,,,,,test 92,test ,test
WR93,test 93,14-03-2021,IN,,,,,test 93,test ,test
WR94,test 94,15-03-2021,IN,,,,,test 94,test ,test
WR95,test 95,16-03-2021,IN,,,,,test 95,test ,test
WR96,test 96,17-03-2021,IN,,,,,test 96,test ,test
WR97,test 97,18-03-2021,IN,,,,,test 97,test ,test
WR98,test 98,19-03-2021,IN,,,,,test 98,test ,test
WR99,test 99,20-03-2021,IN,,,,,test 99,test ,test
WR100,test 100,21-03-2021,IN,,,,,test 100,test ,test
WR101,test 101,22-03-2021,IN,,,,,test 101,test ,test
WR102,test 102,23-03-2021,IN,,,,,test 102,test ,test
WR103,test 103,24-03-2021,IN,,,,,test 103,test ,test
WR104,test 104,25-03-2021,IN,,,,,test 104,test ,test
WR105,test 105,26-03-2021,IN,,,,,test 105,test ,test
WR106,test 106,27-03-2021,IN,,,,,test 106,test ,test
WR107,test 107,28-03-2021,IN,,,,,test 107,test ,test
WR108,test 108,29-03-2021,IN,,,,,test 108,test ,test
WR109,test 109,30-03-2021,IN,,,,,test 109,test ,test
WR110,test 110,31-03-2021,IN,,,,,test 110,test ,test
WR111,test 111,01-04-2021,IN,,,,,test 111,test ,test
WR112,test 112,02-04-2021,IN,,,,,test 112,test ,test
WR113,test 113,03-04-2021,IN,,,,,test 113,test ,test
WR114,test 114,04-04-2021,IN,,,,,test 114,test ,test
WR115,test 115,05-04-2021,IN,,,,,test 115,test ,test
WR116,test 116,06-04-2021,IN,,,,,test 116,test ,test
WR117,test 117,07-04-2021,IN,,,,,test 117,test ,test
WR118,test 118,08-04-2021,IN,,,,,test 118,test ,test
WR119,test 119,09-04-2021,IN,,,,,test 119,test ,test
WR120,test 120,10-04-2021,IN,,,,,test 120,test ,test
WR121,test 121,11-04-2021,IN,,,,,test 121,test ,test
WR122,test 122,12-04-2021,IN,,,,,test 122,test ,test
WR123,test 123,13-04-2021,IN,,,,,test 123,test ,test
WR124,test 124,14-04-2021,IN,,,,,test 124,test ,test
WR125,test 125,15-04-2021,IN,,,,,test 125,test ,test
WR126,test 126,16-04-2021,IN,,,,,test 126,test ,test
WR127,test 127,17-04-2021,IN,,,,,test 127,test ,test
WR128,test 128,18-04-2021,IN,,,,,test 128,test ,test
WR129,test 129,19-04-2021,IN,,,,,test 129,test ,test
WR130,test 130,20-04-2021,IN,,,,,test 130,test ,test
WR131,test 131,21-04-2021,IN,,,,,test 131,test ,test
WR132,test 132,22-04-2021,IN,,,,,test 132,test ,test
WR133,test 133,23-04-2021,IN,,,,,test 133,test ,test
WR134,test 134,24-04-2021,IN,,,,,test 134,test ,test
WR135,test 135,25-04-2021,IN,,,,,test 135,test ,test
WR136,test 136,26-04-2021,IN,,,,,test 136,test ,test
WR137,test 137,27-04-2021,IN,,,,,test 137,test ,test
WR138,test 138,28-04-2021,IN,,,,,test 138,test ,test
WR139,test 139,29-04-2021,IN,,,,,test 139,test ,test
WR140,test 140,30-04-2021,IN,,,,,test 140,test ,test
WR141,test 141,01-05-2021,IN,,,,,test 141,test ,test
WR142,test 142,02-05-2021,IN,,,,,test 142,test ,test
WR143,test 143,03-05-2021,IN,,,,,test 143,test ,test
WR144,test 144,04-05-2021,IN,,,,,test 144,test ,test
WR145,test 145,05-05-2021,IN,,,,,test 145,test ,test
WR146,test 146,06-05-2021,IN,,,,,test 146,test ,test
WR147,test 147,07-05-2021,IN,,,,,test 147,test ,test
WR148,test 148,08-05-2021,IN,,,,,test 148,test ,test
WR149,test 149,09-05-2021,IN,,,,,test 149,test ,test
WR150,test 150,10-05-2021,IN,,,,,test 150,test ,test
WR151,test 151,11-05-2021,IN,,,,,test 151,test ,test
WR152,test 152,12-05-2021,IN,,,,,test 152,test ,test
WR153,test 153,13-05-2021,IN,,,,,test 153,test ,test
WR154,test 154,14-05-2021,IN,,,,,test 154,test ,test
WR155,test 155,15-05-2021,IN,,,,,test 155,test ,test
WR156,test 156,16-05-2021,IN,,,,,test 156,test ,test
WR157,test 157,17-05-2021,IN,,,,,test 157,test ,test
WR158,test 158,18-05-2021,IN,,,,,test 158,test ,test
WR159,test 159,19-05-2021,IN,,,,,test 159,test ,test
WR160,test 160,20-05-2021,IN,,,,,test 160,test ,test
WR161,test 161,21-05-2021,IN,,,,,test 161,test ,test
WR162,test 162,22-05-2021,IN,,,,,test 162,test ,test
WR163,test 163,23-05-2021,IN,,,,,test 163,test ,test
WR164,test 164,24-05-2021,IN,,,,,test 164,test ,test
WR165,test 165,25-05-2021,IN,,,,,test 165,test ,test
WR166,test 166,26-05-2021,IN,,,,,test 166,test ,test
WR167,test 167,27-05-2021,IN,,,,,test 167,test ,test
WR168,test 168,28-05-2021,IN,,,,,test 168,test ,test
WR169,test 169,29-05-2021,IN,,,,,test 169,test ,test
WR170,test 170,30-05-2021,IN,,,,,test 170,test ,test
WR171,test 171,31-05-2021,IN,,,,,test 171,test ,test
WR172,test 172,01-06-2021,IN,,,,,test 172,test ,test
WR173,test 173,02-06-2021,IN,,,,,test 173,test ,test
WR174,test 174,03-06-2021,IN,,,,,test 174,test ,test
WR175,test 175,04-06-2021,IN,,,,,test 175,test ,test
WR176,test 176,05-06-2021,IN,,,,,test 176,test ,test
WR177,test 177,06-06-2021,IN,,,,,test 177,test ,test
WR178,test 178,07-06-2021,IN,,,,,test 178,test ,test
WR179,test 179,08-06-2021,IN,,,,,test 179,test ,test
WR180,test 180,09-06-2021,IN,,,,,test 180,test ,test
WR181,test 181,10-06-2021,IN,,,,,test 181,test ,test
WR182,test 182,11-06-2021,IN,,,,,test 182,test ,test
WR183,test 183,12-06-2021,IN,,,,,test 183,test ,test
WR184,test 184,13-06-2021,IN,,,,,test 184,test ,test
WR185,test 185,14-06-2021,IN,,,,,test 185,test ,test
WR186,test 186,15-06-2021,IN,,,,,test 186,test ,test
WR187,test 187,16-06-2021,IN,,,,,test 187,test ,test
WR188,test 188,17-06-2021,IN,,,,,test 188,test ,test
WR189,test 189,18-06-2021,IN,,,,,test 189,test ,test
WR190,test 190,19-06-2021,IN,,,,,test 190,test ,test
WR191,test 191,20-06-2021,IN,,,,,test 191,test ,test
WR192,test 192,21-06-2021,IN,,,,,test 192,test ,test
WR193,test 193,22-06-2021,IN,,,,,test 193,test ,test
WR194,test 194,23-06-2021,IN,,,,,test 194,test ,test
WR195,test 195,24-06-2021,IN,,,,,test 195,test ,test
WR196,test 196,25-06-2021,IN,,,,,test 196,test ,test
WR197,test 197,26-06-2021,IN,,,,,test 197,test ,test
WR198,test 198,27-06-2021,IN,,,,,test 198,test ,test
WR199,test 199,28-06-2021,IN,,,,,test 199,test ,test
WR200,test 200,29-06-2021,IN,,,,,test 200,test ,test
WR201,test 201,30-06-2021,IN,,,,,test 201,test ,test
WR202,test 202,01-07-2021,IN,,,,,test 202,test ,test
WR203,test 203,02-07-2021,IN,,,,,test 203,test ,test
WR204,test 204,03-07-2021,IN,,,,,test 204,test ,test
WR205,test 205,04-07-2021,IN,,,,,test 205,test ,test
WR206,test 206,05-07-2021,IN,,,,,test 206,test ,test
WR207,test 207,06-07-2021,IN,,,,,test 207,test ,test
WR208,test 208,07-07-2021,IN,,,,,test 208,test ,test
WR209,test 209,08-07-2021,IN,,,,,test 209,test ,test
WR210,test 210,09-07-2021,IN,,,,,test 210,test ,test
WR211,test 211,10-07-2021,IN,,,,,test 211,test ,test
WR212,test 212,11-07-2021,IN,,,,,test 212,test ,test
WR213,test 213,12-07-2021,IN,,,,,test 213,test ,test
WR214,test 214,13-07-2021,IN,18/12/2020,18/12/2020,tewft,test reason,test 214,test ,test
WR215,test 215,14-07-2021,IN,,,,,test 215,test ,test
WR216,test 216,15-07-2021,IN,,,,,test 216,test ,test
WR217,test 217,16-07-2021,IN,,,,,test 217,test ,test
WR218,test 218,17-07-2021,IN,,,,,test 218,test ,test
WR219,test 219,18-07-2021,IN,,,,,test 219,test ,test
WR220,test 220,19-07-2021,IN,,,,,test 220,test ,test
WR221,test 221,20-07-2021,IN,,,,,test 221,test ,test
WR222,test 222,21-07-2021,IN,,,,,test 222,test ,test
WR223,test 223,22-07-2021,IN,,,,,test 223,test ,test
WR224,test 224,23-07-2021,IN,,,,,test 224,test ,test
WR225,test 225,24-07-2021,IN,,,,,test 225,test ,test
WR226,test 226,25-07-2021,IN,,,,,test 226,test ,test
WR227,test 227,26-07-2021,IN,,,,,test 227,test ,test
WR228,test 228,27-07-2021,IN,,,,,test 228,test ,test
WR229,test 229,28-07-2021,IN,,,,,test 229,test ,test
WR230,test 230,29-07-2021,IN,,,,,test 230,test ,test
WR231,test 231,30-07-2021,IN,,,,,test 231,test ,test
WR232,test 232,31-07-2021,IN,,,,,test 232,test ,test
WR233,test 233,01-08-2021,IN,,,,,test 233,test ,test
WR234,test 234,02-08-2021,IN,,,,,test 234,test ,test
WR235,test 235,03-08-2021,IN,,,,,test 235,test ,test
WR236,test 236,04-08-2021,IN,,,,,test 236,test ,test
WR237,test 237,05-08-2021,IN,,,,,test 237,test ,test
WR238,test 238,06-08-2021,IN,,,,,test 238,test ,test
WR239,test 239,07-08-2021,IN,,,,,test 239,test ,test
WR240,test 240,08-08-2021,IN,,,,,test 240,test ,test
WR241,test 241,09-08-2021,IN,,,,,test 241,test ,test
WR242,test 242,10-08-2021,IN,,,,,test 242,test ,test
WR243,test 243,11-08-2021,IN,,,,,test 243,test ,test
WR244,test 244,12-08-2021,IN,,,,,test 244,test ,test
WR245,test 245,13-08-2021,IN,,,,,test 245,test ,test
WR246,test 246,14-08-2021,IN,,,,,test 246,test ,test
WR247,test 247,15-08-2021,IN,,,,,test 247,test ,test
WR248,test 248,16-08-2021,IN,,,,,test 248,test ,test
WR249,test 249,17-08-2021,IN,,,,,test 249,test ,test
WR250,test 250,18-08-2021,IN,,,,,test 250,test ,test
WR251,test 251,19-08-2021,IN,,,,,test 251,test ,test
WR252,test 252,20-08-2021,IN,,,,,test 252,test ,test
WR253,test 253,21-08-2021,IN,,,,,test 253,test ,test
WR254,test 254,22-08-2021,IN,,,,,test 254,test ,test
WR255,test 255,23-08-2021,IN,,,,,test 255,test ,test
WR256,test 256,24-08-2021,IN,,,,,test 256,test ,test
WR257,test 257,25-08-2021,IN,,,,,test 257,test ,test
WR258,test 258,26-08-2021,IN,,,,,test 258,test ,test
WR259,test 259,27-08-2021,IN,,,,,test 259,test ,test
WR260,test 260,28-08-2021,IN,,,,,test 260,test ,test
WR261,test 261,29-08-2021,IN,,,,,test 261,test ,test
WR262,test 262,30-08-2021,IN,,,,,test 262,test ,test
WR263,test 263,31-08-2021,IN,,,,,test 263,test ,test
WR264,test 264,01-09-2021,IN,,,,,test 264,test ,test
WR265,test 265,02-09-2021,IN,,,,,test 265,test ,test
WR266,test 266,03-09-2021,IN,,,,,test 266,test ,test
WR267,test 267,04-09-2021,IN,,,,,test 267,test ,test
WR268,test 268,05-09-2021,IN,,,,,test 268,test ,test
WR269,test 269,06-09-2021,IN,,,,,test 269,test ,test
WR270,test 270,07-09-2021,IN,,,,,test 270,test ,test
WR271,test 271,08-09-2021,IN,,,,,test 271,test ,test
WR272,test 272,09-09-2021,IN,,,,,test 272,test ,test
WR273,test 273,10-09-2021,IN,,,,,test 273,test ,test
WR274,test 274,11-09-2021,IN,,,,,test 274,test ,test
WR275,test 275,12-09-2021,IN,,,,,test 275,test ,test
WR276,test 276,13-09-2021,IN,,,,,test 276,test ,test
WR277,test 277,14-09-2021,IN,,,,,test 277,test ,test
WR278,test 278,15-09-2021,IN,,,,,test 278,test ,test
WR279,test 279,16-09-2021,IN,,,,,test 279,test ,test
WR280,test 280,17-09-2021,IN,,,,,test 280,test ,test
WR281,test 281,18-09-2021,IN,,,,,test 281,test ,test
WR282,test 282,19-09-2021,IN,,,,,test 282,test ,test
WR283,test 283,20-09-2021,IN,,,,,test 283,test ,test
WR284,test 284,21-09-2021,IN,,,,,test 284,test ,test
WR285,test 285,22-09-2021,IN,,,,,test 285,test ,test
WR286,test 286,23-09-2021,IN,,,,,test 286,test ,test
WR287,test 287,24-09-2021,IN,,,,,test 287,test ,test
WR288,test 288,25-09-2021,IN,,,,,test 288,test ,test
WR289,test 289,26-09-2021,IN,,,,,test 289,test ,test
WR290,test 290,27-09-2021,IN,,,,,test 290,test ,test
WR291,test 291,28-09-2021,IN,,,,,test 291,test ,test
WR292,test 292,29-09-2021,IN,,,,,test 292,test ,test
WR293,test 293,30-09-2021,IN,,,,,test 293,test ,test
WR294,test 294,01-10-2021,IN,,,,,test 294,test ,test
WR295,test 295,02-10-2021,IN,,,,,test 295,test ,test
WR296,test 296,03-10-2021,IN,,,,,test 296,test ,test
WR297,test 297,04-10-2021,IN,,,,,test 297,test ,test
WR298,test 298,05-10-2021,IN,,,,,test 298,test ,test
WR299,test 299,06-10-2021,IN,,,,,test 299,test ,test
WR300,test 300,07-10-2021,IN,,,,,test 300,test ,test
WR301,test 301,08-10-2021,IN,,,,,test 301,test ,test
WR302,test 302,09-10-2021,IN,,,,,test 302,test ,test
WR303,test 303,10-10-2021,IN,,,,,test 303,test ,test
WR304,test 304,11-10-2021,IN,,,,,test 304,test ,test
WR305,test 305,12-10-2021,IN,,,,,test 305,test ,test
WR306,test 306,13-10-2021,IN,,,,,test 306,test ,test
WR307,test 307,14-10-2021,IN,,,,,test 307,test ,test
WR308,test 308,15-10-2021,IN,,,,,test 308,test ,test
WR309,test 309,16-10-2021,IN,,,,,test 309,test ,test
WR310,test 310,17-10-2021,IN,,,,,test 310,test ,test
WR311,test 311,18-10-2021,IN,,,,,test 311,test ,test
WR312,test 312,19-10-2021,IN,,,,,test 312,test ,test
WR313,test 313,20-10-2021,IN,,,,,test 313,test ,test
WR314,test 314,21-10-2021,IN,,,,,test 314,test ,test
WR315,test 315,22-10-2021,IN,,,,,test 315,test ,test
WR316,test 316,23-10-2021,IN,,,,,test 316,test ,test
WR317,test 317,24-10-2021,IN,,,,,test 317,test ,test
WR318,test 318,25-10-2021,IN,,,,,test 318,test ,test
WR319,test 319,26-10-2021,IN,,,,,test 319,test ,test
WR320,test 320,27-10-2021,IN,,,,,test 320,test ,test
WR321,test 321,28-10-2021,IN,,,,,test 321,test ,test
WR322,test 322,29-10-2021,IN,,,,,test 322,test ,test
WR323,test 323,30-10-2021,IN,,,,,test 323,test ,test
WR324,test 324,31-10-2021,IN,,,,,test 324,test ,test
WR325,test 325,01-11-2021,IN,,,,,test 325,test ,test
WR326,test 326,02-11-2021,IN,,,,,test 326,test ,test
WR327,test 327,03-11-2021,IN,,,,,test 327,test ,test
WR328,test 328,04-11-2021,IN,,,,,test 328,test ,test
WR329,test 329,05-11-2021,IN,,,,,test 329,test ,test
WR330,test 330,06-11-2021,IN,,,,,test 330,test ,test
WR331,test 331,07-11-2021,IN,,,,,test 331,test ,test
WR332,test 332,08-11-2021,IN,,,,,test 332,test ,test
WR333,test 333,09-11-2021,IN,,,,,test 333,test ,test
WR334,test 334,10-11-2021,IN,,,,,test 334,test ,test
WR335,test 335,11-11-2021,IN,,,,,test 335,test ,test
WR336,test 336,12-11-2021,IN,,,,,test 336,test ,test
WR337,test 337,13-11-2021,IN,,,,,test 337,test ,test
WR338,test 338,14-11-2021,IN,,,,,test 338,test ,test
WR339,test 339,15-11-2021,IN,,,,,test 339,test ,test
WR340,test 340,16-11-2021,IN,,,,,test 340,test ,test
WR341,test 341,17-11-2021,IN,,,,,test 341,test ,test
WR342,test 342,18-11-2021,IN,,,,,test 342,test ,test
WR343,test 343,19-11-2021,IN,,,,,test 343,test ,test
WR344,test 344,20-11-2021,IN,,,,,test 344,test ,test
WR345,test 345,21-11-2021,IN,,,,,test 345,test ,test
WR346,test 346,22-11-2021,IN,,,,,test 346,test ,test
WR347,test 347,23-11-2021,IN,,,,,test 347,test ,test
WR348,test 348,24-11-2021,IN,,,,,test 348,test ,test
WR349,test 349,25-11-2021,IN,,,,,test 349,test ,test
WR350,test 350,26-11-2021,IN,,,,,test 350,test ,test
WR351,test 351,27-11-2021,IN,,,,,test 351,test ,test
WR352,test 352,28-11-2021,IN,,,,,test 352,test ,test
WR353,test 353,29-11-2021,IN,,,,,test 353,test ,test
WR354,test 354,30-11-2021,IN,,,,,test 354,test ,test
WR355,test 355,01-12-2021,IN,,,,,test 355,test ,test
WR356,test 356,02-12-2021,IN,,,,,test 356,test ,test
WR357,test 357,03-12-2021,IN,,,,,test 357,test ,test
WR358,test 358,04-12-2021,IN,,,,,test 358,test ,test
WR359,test 359,05-12-2021,IN,,,,,test 359,test ,test
WR360,test 360,06-12-2021,IN,,,,,test 360,test ,test
WR361,test 361,07-12-2021,IN,,,,,test 361,test ,test
WR362,test 362,08-12-2021,IN,,,,,test 362,test ,test
WR363,test 363,09-12-2021,IN,,,,,test 363,test ,test
WR364,test 364,10-12-2021,IN,,,,,test 364,test ,test
WR365,test 365,11-12-2021,IN,,,,,test 365,test ,test
WR366,test 366,12-12-2021,IN,,,,,test 366,test ,test
WR367,test 367,13-12-2021,IN,,,,,test 367,test ,test
WR368,test 368,14-12-2021,IN,,,,,test 368,test ,test
WR369,test 369,15-12-2021,IN,,,,,test 369,test ,test
WR370,test 370,16-12-2021,IN,,,,,test 370,test ,test
WR371,test 371,17-12-2021,IN,,,,,test 371,test ,test
WR372,test 372,18-12-2021,IN,,,,,test 372,test ,test
WR373,test 373,19-12-2021,IN,,,,,test 373,test ,test
WR374,test 374,20-12-2021,IN,,,,,test 374,test ,test
WR375,test 375,21-12-2021,IN,,,,,test 375,test ,test
WR376,test 376,22-12-2021,IN,,,,,test 376,test ,test
WR377,test 377,23-12-2021,IN,,,,,test 377,test ,test
WR378,test 378,24-12-2021,IN,,,,,test 378,test ,test
WR379,test 379,25-12-2021,IN,,,,,test 379,test ,test
WR380,test 380,26-12-2021,IN,,,,,test 380,test ,test
WR381,test 381,27-12-2021,IN,,,,,test 381,test ,test
WR382,test 382,28-12-2021,IN,,,,,test 382,test ,test
WR383,test 383,29-12-2021,IN,,,,,test 383,test ,test
WR384,test 384,30-12-2021,IN,,,,,test 384,test ,test
WR385,test 385,31-12-2021,IN,,,,,test 385,test ,test
WR386,test 386,01-01-2022,IN,,,,,test 386,test ,test
WR387,test 387,02-01-2022,IN,,,,,test 387,test ,test
WR388,test 388,03-01-2022,IN,,,,,test 388,test ,test
WR389,test 389,04-01-2022,IN,,,,,test 389,test ,test
WR390,test 390,05-01-2022,IN,,,,,test 390,test ,test
WR391,test 391,06-01-2022,IN,,,,,test 391,test ,test
WR392,test 392,07-01-2022,IN,,,,,test 392,test ,test
WR393,test 393,08-01-2022,IN,,,,,test 393,test ,test
WR394,test 394,09-01-2022,IN,,,,,test 394,test ,test
WR395,test 395,10-01-2022,IN,,,,,test 395,test ,test
WR396,test 396,11-01-2022,IN,,,,,test 396,test ,test
WR397,test 397,12-01-2022,IN,,,,,test 397,test ,test
WR398,test 398,13-01-2022,IN,,,,,test 398,test ,test
WR399,test 399,14-01-2022,IN,,,,,test 399,test ,test
WR400,test 400,15-01-2022,IN,,,,,test 400,test ,test
WR401,test 401,16-01-2022,IN,,,,,test 401,test ,test
WR402,test 402,17-01-2022,IN,,,,,test 402,test ,test
WR403,test 403,18-01-2022,IN,,,,,test 403,test ,test
WR404,test 404,19-01-2022,IN,,,,,test 404,test ,test
WR405,test 405,20-01-2022,IN,,,,,test 405,test ,test
WR406,test 406,21-01-2022,IN,,,,,test 406,test ,test
WR407,test 407,22-01-2022,IN,,,,,test 407,test ,test
WR408,test 408,23-01-2022,IN,,,,,test 408,test ,test
WR409,test 409,24-01-2022,IN,,,,,test 409,test ,test
WR410,test 410,25-01-2022,IN,,,,,test 410,test ,test
WR411,test 411,26-01-2022,IN,,,,,test 411,test ,test
WR412,test 412,27-01-2022,IN,,,,,test 412,test ,test
WR413,test 413,28-01-2022,IN,,,,,test 413,test ,test
WR414,test 414,29-01-2022,IN,,,,,test 414,test ,test
WR415,test 415,30-01-2022,IN,,,,,test 415,test ,test
WR416,test 416,31-01-2022,IN,,,,,test 416,test ,test
WR417,test 417,01-02-2022,IN,,,,,test 417,test ,test
WR418,test 418,02-02-2022,IN,,,,,test 418,test ,test
WR419,test 419,03-02-2022,IN,,,,,test 419,test ,test
WR420,test 420,04-02-2022,IN,,,,,test 420,test ,test
WR421,test 421,05-02-2022,IN,,,,,test 421,test ,test
WR422,test 422,06-02-2022,IN,,,,,test 422,test ,test
WR423,test 423,07-02-2022,IN,,,,,test 423,test ,test
WR424,test 424,08-02-2022,IN,,,,,test 424,test ,test
WR425,test 425,09-02-2022,IN,,,,,test 425,test ,test
WR426,test 426,10-02-2022,IN,,,,,test 426,test ,test
WR427,test 427,11-02-2022,IN,,,,,test 427,test ,test
WR428,test 428,12-02-2022,IN,,,,,test 428,test ,test
WR429,test 429,13-02-2022,IN,,,,,test 429,test ,test
WR430,test 430,14-02-2022,IN,,,,,test 430,test ,test
WR431,test 431,15-02-2022,IN,,,,,test 431,test ,test
WR432,test 432,16-02-2022,IN,,,,,test 432,test ,test
WR433,test 433,17-02-2022,IN,,,,,test 433,test ,test
WR434,test 434,18-02-2022,IN,,,,,test 434,test ,test
WR435,test 435,19-02-2022,IN,,,,,test 435,test ,test
WR436,test 436,20-02-2022,IN,,,,,test 436,test ,test
WR437,test 437,21-02-2022,IN,,,,,test 437,test ,test
WR438,test 438,22-02-2022,IN,,,,,test 438,test ,test
WR439,test 439,23-02-2022,IN,,,,,test 439,test ,test
WR440,test 440,24-02-2022,IN,,,,,test 440,test ,test
WR441,test 441,25-02-2022,IN,,,,,test 441,test ,test
WR442,test 442,26-02-2022,IN,,,,,test 442,test ,test
WR443,test 443,27-02-2022,IN,,,,,test 443,test ,test
WR444,test 444,28-02-2022,IN,,,,,test 444,test ,test
WR445,test 445,01-03-2022,IN,,,,,test 445,test ,test
WR446,test 446,02-03-2022,IN,,,,,test 446,test ,test
WR447,test 447,03-03-2022,IN,,,,,test 447,test ,test
WR448,test 448,04-03-2022,IN,,,,,test 448,test ,test
WR449,test 449,05-03-2022,IN,,,,,test 449,test ,test
WR450,test 450,06-03-2022,IN,,,,,test 450,test ,test
WR451,test 451,07-03-2022,IN,,,,,test 451,test ,test
WR452,test 452,08-03-2022,IN,,,,,test 452,test ,test
WR453,test 453,09-03-2022,IN,,,,,test 453,test ,test
WR454,test 454,10-03-2022,IN,,,,,test 454,test ,test
WR455,test 455,11-03-2022,IN,,,,,test 455,test ,test
WR456,test 456,12-03-2022,IN,,,,,test 456,test ,test
WR457,test 457,13-03-2022,IN,,,,,test 457,test ,test
WR458,test 458,14-03-2022,IN,,,,,test 458,test ,test
WR459,test 459,15-03-2022,IN,,,,,test 459,test ,test
WR460,test 460,16-03-2022,IN,,,,,test 460,test ,test
WR461,test 461,17-03-2022,IN,,,,,test 461,test ,test
WR462,test 462,18-03-2022,IN,,,,,test 462,test ,test
WR463,test 463,19-03-2022,IN,,,,,test 463,test ,test
WR464,test 464,20-03-2022,IN,,,,,test 464,test ,test
WR465,test 465,21-03-2022,IN,,,,,test 465,test ,test
WR466,test 466,22-03-2022,IN,,,,,test 466,test ,test
WR467,test 467,23-03-2022,IN,,,,,test 467,test ,test
WR468,test 468,24-03-2022,IN,,,,,test 468,test ,test
WR469,test 469,25-03-2022,IN,,,,,test 469,test ,test
WR470,test 470,26-03-2022,IN,,,,,test 470,test ,test
WR471,test 471,27-03-2022,IN,,,,,test 471,test ,test
WR472,test 472,28-03-2022,IN,,,,,test 472,test ,test
WR473,test 473,29-03-2022,IN,,,,,test 473,test ,test
WR474,test 474,30-03-2022,IN,,,,,test 474,test ,test
WR475,test 475,31-03-2022,IN,,,,,test 475,test ,test
WR476,test 476,01-04-2022,IN,,,,,test 476,test ,test
WR477,test 477,02-04-2022,IN,,,,,test 477,test ,test
WR478,test 478,03-04-2022,IN,,,,,test 478,test ,test
WR479,test 479,04-04-2022,IN,,,,,test 479,test ,test
WR480,test 480,05-04-2022,IN,,,,,test 480,test ,test
WR481,test 481,06-04-2022,IN,,,,,test 481,test ,test
WR482,test 482,07-04-2022,IN,,,,,test 482,test ,test
WR483,test 483,08-04-2022,IN,,,,,test 483,test ,test
WR484,test 484,09-04-2022,IN,,,,,test 484,test ,test
WR485,test 485,10-04-2022,IN,,,,,test 485,test ,test
WR486,test 486,11-04-2022,IN,,,,,test 486,test ,test
WR487,test 487,12-04-2022,IN,,,,,test 487,test ,test
WR488,test 488,13-04-2022,IN,,,,,test 488,test ,test
WR489,test 489,14-04-2022,IN,,,,,test 489,test ,test
WR490,test 490,15-04-2022,IN,,,,,test 490,test ,test
WR491,test 491,16-04-2022,IN,,,,,test 491,test ,test
WR492,test 492,17-04-2022,IN,,,,,test 492,test ,test
WR493,test 493,18-04-2022,IN,,,,,test 493,test ,test
WR494,test 494,19-04-2022,IN,,,,,test 494,test ,test
WR495,test 495,20-04-2022,IN,,,,,test 495,test ,test
WR496,test 496,21-04-2022,IN,,,,,test 496,test ,test
WR497,test 497,22-04-2022,IN,,,,,test 497,test ,test
WR498,test 498,23-04-2022,IN,,,,,test 498,test ,test
WR499,test 499,24-04-2022,IN,,,,,test 499,test ,test
WR500,test 500,25-04-2022,IN,,,,,test 500,test ,test
WR501,test 501,26-04-2022,IN,,,,,test 501,test ,test
WR502,test 502,27-04-2022,IN,,,,,test 502,test ,test
WR503,test 503,28-04-2022,IN,,,,,test 503,test ,test
WR504,test 504,29-04-2022,IN,,,,,test 504,test ,test
WR505,test 505,30-04-2022,IN,,,,,test 505,test ,test
WR506,test 506,01-05-2022,IN,,,,,test 506,test ,test
WR507,test 507,02-05-2022,IN,,,,,test 507,test ,test
WR508,test 508,03-05-2022,IN,,,,,test 508,test ,test
WR509,test 509,04-05-2022,IN,,,,,test 509,test ,test
WR510,test 510,05-05-2022,IN,,,,,test 510,test ,test
WR511,test 511,06-05-2022,IN,,,,,test 511,test ,test
WR512,test 512,07-05-2022,IN,,,,,test 512,test ,test
WR513,test 513,08-05-2022,IN,,,,,test 513,test ,test
WR514,test 514,09-05-2022,IN,,,,,test 514,test ,test
WR515,test 515,10-05-2022,IN,,,,,test 515,test ,test
WR516,test 516,11-05-2022,IN,,,,,test 516,test ,test
WR517,test 517,12-05-2022,IN,,,,,test 517,test ,test
WR518,test 518,13-05-2022,IN,,,,,test 518,test ,test
WR519,test 519,14-05-2022,IN,,,,,test 519,test ,test
WR520,test 520,15-05-2022,IN,,,,,test 520,test ,test
WR521,test 521,16-05-2022,IN,,,,,test 521,test ,test
WR522,test 522,17-05-2022,IN,,,,,test 522,test ,test
WR523,test 523,18-05-2022,IN,,,,,test 523,test ,test
WR524,test 524,19-05-2022,IN,,,,,test 524,test ,test
WR525,test 525,20-05-2022,IN,,,,,test 525,test ,test
WR526,test 526,21-05-2022,IN,,,,,test 526,test ,test
WR527,test 527,22-05-2022,IN,,,,,test 527,test ,test
WR528,test 528,23-05-2022,IN,,,,,test 528,test ,test
WR529,test 529,24-05-2022,IN,,,,,test 529,test ,test
WR530,test 530,25-05-2022,IN,,,,,test 530,test ,test
WR531,test 531,26-05-2022,IN,,,,,test 531,test ,test
WR532,test 532,27-05-2022,IN,,,,,test 532,test ,test
WR533,test 533,28-05-2022,IN,,,,,test 533,test ,test
WR534,test 534,29-05-2022,IN,,,,,test 534,test ,test
WR535,test 535,30-05-2022,IN,,,,,test 535,test ,test
WR536,test 536,31-05-2022,IN,,,,,test 536,test ,test
WR537,test 537,01-06-2022,IN,,,,,test 537,test ,test
WR538,test 538,02-06-2022,IN,,,,,test 538,test ,test
WR539,test 539,03-06-2022,IN,,,,,test 539,test ,test
WR540,test 540,04-06-2022,IN,,,,,test 540,test ,test
WR541,test 541,05-06-2022,IN,,,,,test 541,test ,test
WR542,test 542,06-06-2022,IN,,,,,test 542,test ,test
WR543,test 543,07-06-2022,IN,,,,,test 543,test ,test
WR544,test 544,08-06-2022,IN,,,,,test 544,test ,test
WR545,test 545,09-06-2022,IN,,,,,test 545,test ,test
WR546,test 546,10-06-2022,IN,,,,,test 546,test ,test
WR547,test 547,11-06-2022,IN,,,,,test 547,test ,test
WR548,test 548,12-06-2022,IN,,,,,test 548,test ,test
WR549,test 549,13-06-2022,IN,,,,,test 549,test ,test
WR550,test 550,14-06-2022,IN,,,,,test 550,test ,test
WR551,test 551,15-06-2022,IN,,,,,test 551,test ,test
WR552,test 552,16-06-2022,IN,,,,,test 552,test ,test
WR553,test 553,17-06-2022,IN,,,,,test 553,test ,test
WR554,test 554,18-06-2022,IN,,,,,test 554,test ,test
WR555,test 555,19-06-2022,IN,,,,,test 555,test ,test
WR556,test 556,20-06-2022,IN,,,,,test 556,test ,test
WR557,test 557,21-06-2022,IN,,,,,test 557,test ,test
WR558,test 558,22-06-2022,IN,,,,,test 558,test ,test
WR559,test 559,23-06-2022,IN,,,,,test 559,test ,test
WR560,test 560,24-06-2022,IN,,,,,test 560,test ,test
WR561,test 561,25-06-2022,IN,,,,,test 561,test ,test
WR562,test 562,26-06-2022,IN,,,,,test 562,test ,test
WR563,test 563,27-06-2022,IN,,,,,test 563,test ,test
WR564,test 564,28-06-2022,IN,,,,,test 564,test ,test
WR565,test 565,29-06-2022,IN,,,,,test 565,test ,test
WR566,test 566,30-06-2022,IN,,,,,test 566,test ,test
WR567,test 567,01-07-2022,IN,,,,,test 567,test ,test
WR568,test 568,02-07-2022,IN,,,,,test 568,test ,test
WR569,test 569,03-07-2022,IN,,,,,test 569,test ,test
WR570,test 570,04-07-2022,IN,,,,,test 570,test ,test
WR571,test 571,05-07-2022,IN,,,,,test 571,test ,test
WR572,test 572,06-07-2022,IN,,,,,test 572,test ,test
WR573,test 573,07-07-2022,IN,,,,,test 573,test ,test
WR574,test 574,08-07-2022,IN,,,,,test 574,test ,test
WR575,test 575,09-07-2022,IN,,,,,test 575,test ,test
WR576,test 576,10-07-2022,IN,,,,,test 576,test ,test
WR577,test 577,11-07-2022,IN,,,,,test 577,test ,test
WR578,test 578,12-07-2022,IN,,,,,test 578,test ,test
WR579,test 579,13-07-2022,IN,,,,,test 579,test ,test
WR580,test 580,14-07-2022,IN,,,,,test 580,test ,test
WR581,test 581,15-07-2022,IN,,,,,test 581,test ,test
WR582,test 582,16-07-2022,IN,,,,,test 582,test ,test
WR583,test 583,17-07-2022,IN,,,,,test 583,test ,test
WR584,test 584,18-07-2022,IN,,,,,test 584,test ,test
WR585,test 585,19-07-2022,IN,,,,,test 585,test ,test
WR586,test 586,20-07-2022,IN,,,,,test 586,test ,test
WR587,test 587,21-07-2022,IN,,,,,test 587,test ,test
WR588,test 588,22-07-2022,IN,,,,,test 588,test ,test
WR589,test 589,23-07-2022,IN,,,,,test 589,test ,test
WR590,test 590,24-07-2022,IN,,,,,test 590,test ,test
WR591,test 591,25-07-2022,IN,,,,,test 591,test ,test
WR592,test 592,26-07-2022,IN,,,,,test 592,test ,test
WR593,test 593,27-07-2022,IN,,,,,test 593,test ,test
WR594,test 594,28-07-2022,IN,,,,,test 594,test ,test
WR595,test 595,29-07-2022,IN,,,,,test 595,test ,test
WR596,test 596,30-07-2022,IN,,,,,test 596,test ,test
WR597,test 597,31-07-2022,IN,,,,,test 597,test ,test
WR598,test 598,01-08-2022,IN,,,,,test 598,test ,test
WR599,test 599,02-08-2022,IN,,,,,test 599,test ,test
WR600,test 600,03-08-2022,IN,,,,,test 600,test ,test
WR601,test 601,04-08-2022,IN,,,,,test 601,test ,test
WR602,test 602,05-08-2022,IN,,,,,test 602,test ,test
WR603,test 603,06-08-2022,IN,,,,,test 603,test ,test
WR604,test 604,07-08-2022,IN,,,,,test 604,test ,test
WR605,test 605,08-08-2022,IN,,,,,test 605,test ,test
WR606,test 606,09-08-2022,IN,,,,,test 606,test ,test
WR607,test 607,10-08-2022,IN,,,,,test 607,test ,test
WR608,test 608,11-08-2022,IN,,,,,test 608,test ,test
WR609,test 609,12-08-2022,IN,,,,,test 609,test ,test
WR610,test 610,13-08-2022,IN,,,,,test 610,test ,test
WR611,test 611,14-08-2022,IN,,,,,test 611,test ,test
WR612,test 612,15-08-2022,IN,,,,,test 612,test ,test
WR613,test 613,16-08-2022,IN,,,,,test 613,test ,test
WR614,test 614,17-08-2022,IN,,,,,test 614,test ,test
WR615,test 615,18-08-2022,IN,,,,,test 615,test ,test
WR616,test 616,19-08-2022,IN,,,,,test 616,test ,test
WR617,test 617,20-08-2022,IN,,,,,test 617,test ,test
WR618,test 618,21-08-2022,IN,,,,,test 618,test ,test
WR619,test 619,22-08-2022,IN,,,,,test 619,test ,test
WR620,test 620,23-08-2022,IN,,,,,test 620,test ,test
WR621,test 621,24-08-2022,IN,,,,,test 621,test ,test
WR622,test 622,25-08-2022,IN,,,,,test 622,test ,test
WR623,test 623,26-08-2022,IN,,,,,test 623,test ,test
WR624,test 624,27-08-2022,IN,,,,,test 624,test ,test
WR625,test 625,28-08-2022,IN,,,,,test 625,test ,test
WR626,test 626,29-08-2022,IN,,,,,test 626,test ,test
WR627,test 627,30-08-2022,IN,,,,,test 627,test ,test
WR628,test 628,31-08-2022,IN,,,,,test 628,test ,test
WR629,test 629,01-09-2022,IN,,,,,test 629,test ,test
WR630,test 630,02-09-2022,IN,,,,,test 630,test ,test
WR631,test 631,03-09-2022,IN,,,,,test 631,test ,test
WR632,test 632,04-09-2022,IN,,,,,test 632,test ,test
WR633,test 633,05-09-2022,IN,,,,,test 633,test ,test
WR634,test 634,06-09-2022,IN,,,,,test 634,test ,test
WR635,test 635,07-09-2022,IN,,,,,test 635,test ,test
WR636,test 636,08-09-2022,IN,,,,,test 636,test ,test
WR637,test 637,09-09-2022,IN,,,,,test 637,test ,test
WR638,test 638,10-09-2022,IN,,,,,test 638,test ,test
WR639,test 639,11-09-2022,IN,,,,,test 639,test ,test
WR640,test 640,12-09-2022,IN,,,,,test 640,test ,test
WR641,test 641,13-09-2022,IN,,,,,test 641,test ,test
WR642,test 642,14-09-2022,IN,,,,,test 642,test ,test
WR643,test 643,15-09-2022,IN,,,,,test 643,test ,test
WR644,test 644,16-09-2022,IN,,,,,test 644,test ,test
WR645,test 645,17-09-2022,IN,,,,,test 645,test ,test
WR646,test 646,18-09-2022,IN,,,,,test 646,test ,test
WR647,test 647,19-09-2022,IN,,,,,test 647,test ,test
WR648,test 648,20-09-2022,IN,,,,,test 648,test ,test
WR649,test 649,21-09-2022,IN,,,,,test 649,test ,test
WR650,test 650,22-09-2022,IN,,,,,test 650,test ,test
WR651,test 651,23-09-2022,IN,,,,,test 651,test ,test
WR652,test 652,24-09-2022,IN,,,,,test 652,test ,test
WR653,test 653,25-09-2022,IN,,,,,test 653,test ,test
WR654,test 654,26-09-2022,IN,,,,,test 654,test ,test
WR655,test 655,27-09-2022,IN,,,,,test 655,test ,test
WR656,test 656,28-09-2022,IN,,,,,test 656,test ,test
WR657,test 657,29-09-2022,IN,,,,,test 657,test ,test
WR658,test 658,30-09-2022,IN,,,,,test 658,test ,test
WR659,test 659,01-10-2022,IN,,,,,test 659,test ,test
WR660,test 660,02-10-2022,IN,,,,,test 660,test ,test
WR661,test 661,03-10-2022,IN,,,,,test 661,test ,test
WR662,test 662,04-10-2022,IN,,,,,test 662,test ,test
WR663,test 663,05-10-2022,IN,,,,,test 663,test ,test
WR664,test 664,06-10-2022,IN,,,,,test 664,test ,test
WR665,test 665,07-10-2022,IN,,,,,test 665,test ,test
WR666,test 666,08-10-2022,IN,,,,,test 666,test ,test
WR667,test 667,09-10-2022,IN,,,,,test 667,test ,test
WR668,test 668,10-10-2022,IN,,,,,test 668,test ,test
WR669,test 669,11-10-2022,IN,,,,,test 669,test ,test
WR670,test 670,12-10-2022,IN,,,,,test 670,test ,test
WR671,test 671,13-10-2022,IN,,,,,test 671,test ,test
WR672,test 672,14-10-2022,IN,,,,,test 672,test ,test
WR673,test 673,15-10-2022,IN,,,,,test 673,test ,test
WR674,test 674,16-10-2022,IN,,,,,test 674,test ,test
WR675,test 675,17-10-2022,IN,,,,,test 675,test ,test
WR676,test 676,18-10-2022,IN,,,,,test 676,test ,test
WR677,test 677,19-10-2022,IN,,,,,test 677,test ,test
WR678,test 678,20-10-2022,IN,,,,,test 678,test ,test
WR679,test 679,21-10-2022,IN,,,,,test 679,test ,test
WR680,test 680,22-10-2022,IN,,,,,test 680,test ,test
WR681,test 681,23-10-2022,IN,,,,,test 681,test ,test
WR682,test 682,24-10-2022,IN,,,,,test 682,test ,test
WR683,test 683,25-10-2022,IN,,,,,test 683,test ,test
WR684,test 684,26-10-2022,IN,,,,,test 684,test ,test
WR685,test 685,27-10-2022,IN,,,,,test 685,test ,test
WR686,test 686,28-10-2022,IN,,,,,test 686,test ,test
WR687,test 687,29-10-2022,IN,,,,,test 687,test ,test
WR688,test 688,30-10-2022,IN,,,,,test 688,test ,test
WR689,test 689,31-10-2022,IN,,,,,test 689,test ,test
WR690,test 690,01-11-2022,IN,,,,,test 690,test ,test
WR691,test 691,02-11-2022,IN,,,,,test 691,test ,test
WR692,test 692,03-11-2022,IN,,,,,test 692,test ,test
WR693,test 693,04-11-2022,IN,,,,,test 693,test ,test
WR694,test 694,05-11-2022,IN,,,,,test 694,test ,test
WR695,test 695,06-11-2022,IN,,,,,test 695,test ,test
WR696,test 696,07-11-2022,IN,,,,,test 696,test ,test
WR697,test 697,08-11-2022,IN,,,,,test 697,test ,test
WR698,test 698,09-11-2022,IN,,,,,test 698,test ,test
WR699,test 699,10-11-2022,IN,,,,,test 699,test ,test
WR700,test 700,11-11-2022,IN,,,,,test 700,test ,test
WR701,test 701,12-11-2022,IN,,,,,test 701,test ,test
WR702,test 702,13-11-2022,IN,,,,,test 702,test ,test
WR703,test 703,14-11-2022,IN,,,,,test 703,test ,test
WR704,test 704,15-11-2022,IN,,,,,test 704,test ,test
WR705,test 705,16-11-2022,IN,,,,,test 705,test ,test
WR706,test 706,17-11-2022,IN,,,,,test 706,test ,test
WR707,test 707,18-11-2022,IN,,,,,test 707,test ,test
WR708,test 708,19-11-2022,IN,,,,,test 708,test ,test
WR709,test 709,20-11-2022,IN,,,,,test 709,test ,test
WR710,test 710,21-11-2022,IN,,,,,test 710,test ,test
WR711,test 711,22-11-2022,IN,,,,,test 711,test ,test
WR712,test 712,23-11-2022,IN,,,,,test 712,test ,test
WR713,test 713,24-11-2022,IN,,,,,test 713,test ,test
WR714,test 714,25-11-2022,IN,,,,,test 714,test ,test
WR715,test 715,26-11-2022,IN,,,,,test 715,test ,test
WR716,test 716,27-11-2022,IN,,,,,test 716,test ,test
WR717,test 717,28-11-2022,IN,,,,,test 717,test ,test
WR718,test 718,29-11-2022,IN,,,,,test 718,test ,test
WR719,test 719,30-11-2022,IN,,,,,test 719,test ,test
WR720,test 720,01-12-2022,IN,,,,,test 720,test ,test
WR721,test 721,02-12-2022,IN,,,,,test 721,test ,test
WR722,test 722,03-12-2022,IN,,,,,test 722,test ,test
WR723,test 723,04-12-2022,IN,,,,,test 723,test ,test
WR724,test 724,05-12-2022,IN,,,,,test 724,test ,test
WR725,test 725,06-12-2022,IN,,,,,test 725,test ,test
WR726,test 726,07-12-2022,IN,,,,,test 726,test ,test
WR727,test 727,08-12-2022,IN,,,,,test 727,test ,test
WR728,test 728,09-12-2022,IN,,,,,test 728,test ,test
WR729,test 729,10-12-2022,IN,,,,,test 729,test ,test
WR730,test 730,11-12-2022,IN,,,,,test 730,test ,test
WR731,test 731,12-12-2022,IN,,,,,test 731,test ,test
WR732,test 732,13-12-2022,IN,,,,,test 732,test ,test
WR733,test 733,14-12-2022,IN,,,,,test 733,test ,test
WR734,test 734,15-12-2022,IN,,,,,test 734,test ,test
WR735,test 735,16-12-2022,IN,,,,,test 735,test ,test
WR736,test 736,17-12-2022,IN,,,,,test 736,test ,test
WR737,test 737,18-12-2022,IN,,,,,test 737,test ,test
WR738,test 738,19-12-2022,IN,,,,,test 738,test ,test
WR739,test 739,20-12-2022,IN,,,,,test 739,test ,test
WR740,test 740,21-12-2022,IN,,,,,test 740,test ,test
WR741,test 741,22-12-2022,IN,,,,,test 741,test ,test
WR742,test 742,23-12-2022,IN,,,,,test 742,test ,test
WR743,test 743,24-12-2022,IN,,,,,test 743,test ,test
WR744,test 744,25-12-2022,IN,,,,,test 744,test ,test
WR745,test 745,26-12-2022,IN,,,,,test 745,test ,test
WR746,test 746,27-12-2022,IN,,,,,test 746,test ,test
WR747,test 747,28-12-2022,IN,,,,,test 747,test ,test
WR748,test 748,29-12-2022,IN,,,,,test 748,test ,test
WR749,test 749,30-12-2022,IN,,,,,test 749,test ,test
WR750,test 750,31-12-2022,IN,,,,,test 750,test ,test
WR751,test 751,01-01-2023,IN,,,,,test 751,test ,test
WR752,test 752,02-01-2023,IN,,,,,test 752,test ,test
WR753,test 753,03-01-2023,IN,,,,,test 753,test ,test
WR754,test 754,04-01-2023,IN,,,,,test 754,test ,test
WR755,test 755,05-01-2023,IN,,,,,test 755,test ,test
WR756,test 756,06-01-2023,IN,,,,,test 756,test ,test
WR757,test 757,07-01-2023,IN,,,,,test 757,test ,test
WR758,test 758,08-01-2023,IN,,,,,test 758,test ,test
WR759,test 759,09-01-2023,IN,,,,,test 759,test ,test
WR760,test 760,10-01-2023,IN,,,,,test 760,test ,test
WR761,test 761,11-01-2023,IN,,,,,test 761,test ,test
WR762,test 762,12-01-2023,IN,,,,,test 762,test ,test
WR763,test 763,13-01-2023,IN,,,,,test 763,test ,test
WR764,test 764,14-01-2023,IN,,,,,test 764,test ,test
WR765,test 765,15-01-2023,IN,,,,,test 765,test ,test
WR766,test 766,16-01-2023,IN,,,,,test 766,test ,test
WR767,test 767,17-01-2023,IN,,,,,test 767,test ,test
WR768,test 768,18-01-2023,IN,,,,,test 768,test ,test
WR769,test 769,19-01-2023,IN,,,,,test 769,test ,test
WR770,test 770,20-01-2023,IN,,,,,test 770,test ,test
WR771,test 771,21-01-2023,IN,,,,,test 771,test ,test
WR772,test 772,22-01-2023,IN,,,,,test 772,test ,test
WR773,test 773,23-01-2023,IN,,,,,test 773,test ,test
WR774,test 774,24-01-2023,IN,,,,,test 774,test ,test
WR775,test 775,25-01-2023,IN,,,,,test 775,test ,test
WR776,test 776,26-01-2023,IN,,,,,test 776,test ,test
WR777,test 777,27-01-2023,IN,,,,,test 777,test ,test
WR778,test 778,28-01-2023,IN,,,,,test 778,test ,test
WR779,test 779,29-01-2023,IN,,,,,test 779,test ,test
WR780,test 780,30-01-2023,IN,,,,,test 780,test ,test
WR781,test 781,31-01-2023,IN,,,,,test 781,test ,test
WR782,test 782,01-02-2023,IN,,,,,test 782,test ,test
WR783,test 783,02-02-2023,IN,,,,,test 783,test ,test
WR784,test 784,03-02-2023,IN,,,,,test 784,test ,test
WR785,test 785,04-02-2023,IN,,,,,test 785,test ,test
WR786,test 786,05-02-2023,IN,,,,,test 786,test ,test
WR787,test 787,06-02-2023,IN,,,,,test 787,test ,test
WR788,test 788,07-02-2023,IN,,,,,test 788,test ,test
WR789,test 789,08-02-2023,IN,,,,,test 789,test ,test
WR790,test 790,09-02-2023,IN,,,,,test 790,test ,test
WR791,test 791,10-02-2023,IN,,,,,test 791,test ,test
WR792,test 792,11-02-2023,IN,,,,,test 792,test ,test
WR793,test 793,12-02-2023,IN,,,,,test 793,test ,test
WR794,test 794,13-02-2023,IN,,,,,test 794,test ,test
WR795,test 795,14-02-2023,IN,,,,,test 795,test ,test
WR796,test 796,15-02-2023,IN,,,,,test 796,test ,test
WR797,test 797,16-02-2023,IN,,,,,test 797,test ,test
WR798,test 798,17-02-2023,IN,,,,,test 798,test ,test
WR799,test 799,18-02-2023,IN,,,,,test 799,test ,test
WR800,test 800,19-02-2023,IN,18/12/2020,18/12/2020,test place,test reason,test 800,edited ,edited
WR801,test 801,20-02-2023,IN,,,,,test 801,test ,test
WR802,test 802,21-02-2023,IN,,,,,test 802,test ,test
WR803,test 803,22-02-2023,IN,,,,,test 803,test ,test
WR804,test 804,23-02-2023,IN,,,,,test 804,test ,test
WR805,test 805,24-02-2023,IN,,,,,test 805,test ,test
WR806,test 806,25-02-2023,IN,,,,,test 806,test ,test
WR807,test 807,26-02-2023,IN,,,,,test 807,test ,test
WR808,test 808,27-02-2023,IN,,,,,test 808,test ,test
WR809,test 809,28-02-2023,IN,,,,,test 809,test ,test
WR810,test 810,01-03-2023,IN,,,,,test 810,test ,test
WR811,test 811,02-03-2023,IN,,,,,test 811,test ,test
WR812,test 812,03-03-2023,IN,,,,,test 812,test ,test
WR813,test 813,04-03-2023,IN,,,,,test 813,test ,test
WR814,test 814,05-03-2023,IN,,,,,test 814,test ,test
WR815,test 815,06-03-2023,IN,,,,,test 815,test ,test
WR816,test 816,07-03-2023,IN,,,,,test 816,test ,test
WR817,test 817,08-03-2023,IN,,,,,test 817,test ,test
WR818,test 818,09-03-2023,IN,,,,,test 818,test ,test
WR819,test 819,10-03-2023,IN,,,,,test 819,test ,test
WR820,test 820,11-03-2023,IN,,,,,test 820,test ,test
WR821,test 821,12-03-2023,IN,,,,,test 821,test ,test
WR822,test 822,13-03-2023,IN,,,,,test 822,test ,test
WR823,test 823,14-03-2023,IN,,,,,test 823,test ,test
WR824,test 824,15-03-2023,IN,,,,,test 824,test ,test
WR825,test 825,16-03-2023,IN,,,,,test 825,test ,test
WR826,test 826,17-03-2023,IN,,,,,test 826,test ,test
WR827,test 827,18-03-2023,IN,,,,,test 827,test ,test
WR828,test 828,19-03-2023,IN,,,,,test 828,test ,test
WR829,test 829,20-03-2023,IN,,,,,test 829,test ,test
WR830,test 830,21-03-2023,IN,,,,,test 830,test ,test
WR831,test 831,22-03-2023,IN,,,,,test 831,test ,test
WR832,test 832,23-03-2023,IN,,,,,test 832,test ,test
WR833,test 833,24-03-2023,IN,,,,,test 833,test ,test
WR834,test 834,25-03-2023,IN,,,,,test 834,test ,test
WR835,test 835,26-03-2023,IN,,,,,test 835,test ,test
WR836,test 836,27-03-2023,IN,,,,,test 836,test ,test
WR837,test 837,28-03-2023,IN,,,,,test 837,test ,test
WR838,test 838,29-03-2023,IN,,,,,test 838,test ,test
WR839,test 839,30-03-2023,IN,,,,,test 839,test ,test
WR840,test 840,31-03-2023,IN,,,,,test 840,test ,test
WR841,test 841,01-04-2023,IN,,,,,test 841,test ,test
WR842,test 842,02-04-2023,IN,,,,,test 842,test ,test
WR843,test 843,03-04-2023,IN,,,,,test 843,test ,test
WR844,test 844,04-04-2023,IN,,,,,test 844,test ,test
WR845,test 845,05-04-2023,IN,,,,,test 845,test ,test
WR846,test 846,06-04-2023,IN,,,,,test 846,test ,test
WR847,test 847,07-04-2023,IN,,,,,test 847,test ,test
WR848,test 848,08-04-2023,IN,,,,,test 848,test ,test
WR849,test 849,09-04-2023,IN,,,,,test 849,test ,test
WR850,test 850,10-04-2023,IN,,,,,test 850,test ,test
WR851,test 851,11-04-2023,IN,,,,,test 851,test ,test
WR852,test 852,12-04-2023,IN,,,,,test 852,test ,test
WR853,test 853,13-04-2023,IN,,,,,test 853,test ,test
WR854,test 854,14-04-2023,IN,,,,,test 854,test ,test
WR855,test 855,15-04-2023,IN,,,,,test 855,test ,test
